filter,catalog_id,bp_rp,in_range,ct_ok,ct_corr,scatter_pre,scatter_post
B,458435983029377152,0.6390390396118164,True,True,-0.08965350104588972,0.030664281144082473,0.030664281144082473
B,458342112224888064,0.2694149017333984,True,True,0.3140434838957291,0.021767484472606343,0.021767484472606343
B,458560846317541632,0.3718490600585937,True,True,0.20216669709205998,0.026280228838194537,0.026280228838194537
B,458409869627124736,0.6317653656005859,True,True,-0.08170932217100299,0.018432471661322836,0.018432471661322836
B,458412274808691712,0.6407241821289062,True,True,-0.091493984076167,0.021722859536602846,0.021722859536602846
B,458366404561614464,2.347328186035156,True,True,-1.9554168729348675,0.02582286691475162,0.02582286691475162
B,458374857056235520,0.7501058578491211,True,True,-0.2109587272327337,0.026856219288034094,0.026856219288034094
B,458588883863778944,0.5028400421142578,True,True,0.05910064947422949,,
B,458408804475281024,0.729090690612793,True,True,-0.1880063310498303,0.016780770376363555,0.016780770376363555
B,458569298815368064,0.584442138671875,True,True,-0.030023725720284538,0.02601908544091855,0.02601908544091855
B,458367297913936896,0.7195148468017578,True,True,-0.1775477627945874,0.02717975280550153,0.027014701974110097
B,458364686573954944,0.3121652603149414,True,True,0.26735229385710996,0.02740726575309188,0.02740726575309188
B,458414027155398272,0.7813806533813477,True,True,-0.2451165090634713,0.02696766742913022,0.02696766742913022
B,458436326626734336,2.4350452423095703,True,True,-2.051219899623518,0.02353191546296332,0.02353191546296332
B,458401417131679744,0.7215909957885742,True,True,-0.17981529621672301,0.02385373600796898,0.02385373600796898
B,458377708914487168,0.4464693069458008,True,True,0.12066777535802128,0.028451410444214585,0.028451410444214585
B,458374822697357696,0.5115833282470703,True,True,0.04955138607774835,0.028690676646725862,0.028690676646725862
B,458585825847085184,1.5596847534179688,True,True,-1.0951665635754273,0.025465318859751045,0.025465318859751045
B,458368672303402112,0.5207576751708984,True,True,0.03953132566390144,0.02454780709640728,0.02454780709640728
B,458537790932206720,0.8556461334228516,True,True,-0.3262279606858726,0.02801899805854145,0.027806873941282475
B,458371558521435904,0.4682464599609375,True,True,0.09688315170415494,0.028607315210236985,0.028011196163590577
B,458566756192517504,0.4407634735107422,True,True,0.12689958632018825,0.02626342997574584,0.02626342997574584
B,458573250185368704,1.875701904296875,True,True,-1.4403149397932677,0.028498052523041953,0.028498052523041953
B,458534080080531200,3.6518802642822266,False,False,0.0,0.06263355433785013,0.06263355433785013
B,458564522809558272,3.5643978118896484,False,False,0.0,,
B,458409800908027520,3.274508476257324,False,False,0.0,0.06600126008163501,0.06600126008163501
B,458463264662601984,3.116692543029785,False,False,0.0,,
B,458532293374182656,3.0636978149414062,False,False,0.0,,
V,458435983029377152,0.6390390396118164,True,True,-0.009616186802202002,0.03525017267484022,0.03525017267484022
V,458342112224888064,0.2694149017333984,True,True,0.1369903769854878,0.033516567866323364,0.033516567866323364
V,458409869627124736,0.6317653656005859,True,True,-0.006731179456580309,0.03376801886131558,0.03376801886131558
V,458412274808691712,0.6407241821289062,True,True,-0.010284576467825907,0.038019382455970384,0.038019382455970384
V,458374857056235520,0.7501058578491211,True,True,-0.05366938274894299,0.03904161863106251,0.03904161863106251
V,458408804475281024,0.729090690612793,True,True,-0.045333992442384764,0.03427152053554371,0.03427152053554371
V,458569298815368064,0.584442138671875,True,True,0.012038957491687636,0.03992074227795299,0.03992074227795299
V,458367297913936896,0.7195148468017578,True,True,-0.04153585965657286,0.03811830657984633,0.03811830657984633
V,458364686573954944,0.3121652603149414,True,True,0.12003400825831016,0.039882054261930054,0.039882054261930054
V,458414027155398272,0.7813806533813477,True,True,-0.06607411998407053,0.03426569461099913,0.03426569461099913
V,458401417131679744,0.7215909957885742,True,True,-0.04235933690731606,0.033681706392005545,0.033681706392005545
V,458377708914487168,0.4464693069458008,True,True,0.06676407060665006,0.04086909695712553,0.04086909695712553
V,458374822697357696,0.5115833282470703,True,True,0.040937448535454,0.03586657462028457,0.03586657462028457
V,458368672303402112,0.5207576751708984,True,True,0.037298564221191426,0.03886174886073926,0.03886174886073926
V,458537790932206720,0.8556461334228516,True,True,-0.09553054807186365,0.04243518645802424,0.04243518645802424
V,458371558521435904,0.4682464599609375,True,True,0.05812644864031056,0.04151148797476159,0.04151148797476159
V,458566756192517504,0.4407634735107422,True,True,0.06902721456218362,0.037689841427241674,0.037689841427241674
V,458415916940933248,1.0364456176757812,True,True,-0.16724229090622206,0.03771534041271497,0.03771534041271497
V,458371695960360576,0.7609844207763672,True,True,-0.057984221976884076,0.0370210991818015,0.0370210991818015
V,458371283643256320,0.4143819808959961,True,True,0.07949108740890355,0.03706083478051709,0.03706083478051709
V,458455185816111872,0.5133390426635742,True,True,0.04024106745202807,0.03610445493151104,0.03610445493151104
V,458378224310529664,0.4008979797363281,True,True,0.084839339521103,0.04169125738598241,0.04169125738598241
V,458411480228899584,0.8426370620727539,True,True,-0.09037067063622375,2.2394673710538426,2.2394673710538426
V,458379907937649920,0.4532489776611328,True,True,0.06407500318564249,0.03705090987094858,0.03705090987094858
V,458534080080531200,3.6518802642822266,False,False,0.0,0.043807985130273584,0.043807985130273584
V,458564522809558272,3.5643978118896484,False,False,0.0,0.07566620198604135,0.07566620198604135
V,458409800908027520,3.274508476257324,False,False,0.0,0.05562058998739111,0.05562058998739111
V,458463264662601984,3.116692543029785,False,False,0.0,0.06873702753622041,0.06873702753622041
V,458532293374182656,3.0636978149414062,False,False,0.0,,
Rc,458435983029377152,0.6390390396118164,True,True,-0.0006388317803963968,0.023708792061174256,0.023866780768782913
Rc,458342112224888064,0.2694149017333984,True,True,0.00910067662233569,0.019787290420988497,0.019787290420988497
Rc,458409869627124736,0.6317653656005859,True,True,-0.00044717219464062157,0.021106813158242498,0.021106813158242498
Rc,458412274808691712,0.6407241821289062,True,True,-0.0006832348862087025,0.01977952160216741,0.019779498676698506
Rc,458374857056235520,0.7501058578491211,True,True,-0.0035654161092660832,0.023455180154085542,0.023455180154085542
Rc,458588883863778944,0.5028400421142578,True,True,0.002949979513652514,,
Rc,458408804475281024,0.729090690612793,True,True,-0.0030116714348575,0.02391971510864574,0.02427757199603643
Rc,458367297913936896,0.7195148468017578,True,True,-0.0027593502206745,0.02937848777630911,0.02937848777630911
Rc,458364686573954944,0.3121652603149414,True,True,0.007974214808952428,0.0249143956200754,0.0249143956200754
Rc,458414027155398272,0.7813806533813477,True,True,-0.004389499556922422,0.01973360878160536,0.01973360878160536
Rc,458401417131679744,0.7215909957885742,True,True,-0.002814056254264421,0.025567672863581088,0.025567672863581088
Rc,458377708914487168,0.4464693069458008,True,True,0.004435335020986737,0.027386868742984485,0.027386868742984485
Rc,458374822697357696,0.5115833282470703,True,True,0.0027195959969081914,0.022702423084532124,0.022779567817886662
Rc,458368672303402112,0.5207576751708984,True,True,0.0024778541305163523,0.02952516924578818,0.02952516924578818
Rc,458537790932206720,0.8556461334228516,True,True,-0.006346377349181434,0.026106563924992027,0.026106563924992027
Rc,458371558521435904,0.4682464599609375,True,True,0.0038615122019578754,0.026246200695904207,0.026416662261925055
Rc,458566756192517504,0.4407634735107422,True,True,0.004585682379263491,0.02788853668325647,0.028410032909194482
Rc,458415916940933248,1.0364456176757812,True,True,-0.011110400895366223,0.023338623545530797,0.023338623545530797
Rc,458371695960360576,0.7609844207763672,True,True,-0.0038520636633130384,0.020756794950781237,0.020756794950781237
Rc,458455185816111872,0.5133390426635742,True,True,0.002673333338277487,0.024768701644444596,0.025851818861484105
Rc,458378224310529664,0.4008979797363281,True,True,0.005636128688921669,0.029627186959809846,0.029627186959809846
Rc,458529544595167360,1.3989143371582031,True,True,-0.020661365719767958,,
Rc,458411480228899584,0.8426370620727539,True,True,-0.006003591403292549,0.07340416065038755,0.07340416065038755
Rc,458379907937649920,0.4532489776611328,True,True,0.004256692304959753,0.025363053160178964,0.0264876190769128
Rc,458534080080531200,3.6518802642822266,False,False,0.0,0.027386146996854568,0.027386146996854568
Rc,458564522809558272,3.5643978118896484,False,False,0.0,0.05113150005356071,0.05113150005356071
Rc,458409800908027520,3.274508476257324,False,False,0.0,0.04486909502391523,0.04486909502391523
Rc,458463264662601984,3.116692543029785,False,False,0.0,0.04586189741644295,0.04586189741644295
Rc,458532293374182656,3.0636978149414062,False,False,0.0,0.054995282972035424,0.054995282972035424
